ID	High PLP	    SD	Low PLP	    SD
H65R	0	0	0	0
A69P	105.7	15.9	107.3	39.2
P70L	75	17.2	65.8	38.5
P78R	97.5	0.9	102.1	0.7
G85R	100.3	0.9	98.8	3.2
T87N	47.1	2.7	19.6	4.2
P88S	39.9	3.3	16.8	15.7
L101P	0	0	0	0
K102N	106.2	16.6	97	11.5
K102Q	94.9	1.1	101.7	1.7
C109R	0	0	0	0
A114V	36.1	6.4	5.8	0.9
G116R	0	0	0	0
R121C	0	0	0	0
R121L	0	0	0	0
R121H	0	0	0	0
M126V	0	0	0	0
E128D	99.8	16.1	114.4	14.4
E131D	44.4	1.9	25.5	3.4
G139R	77.1	6.3	74.9	12.9
I143M	0	0	0	0
E144K	0	0	0	0
P145L	0	0	0	0
G148R	0	0	0	0
G151R	0	0	0	0
#I152M	0	NA	NA	0
G153R	0	0	0	0
L154Q	0	0	0	0
A155T	70.4	1.4	49.9	1
#A155V	0	NA	NA	0
A158V	30.1	2.4	4.7	0.6
C165Y	0	0	0	0
V168M	0	0	0	0
#E176K	0	NA	NA	0
V180A	60.2	2.5	18.6	2.4
T191M	0	0	0	0
D198V	39.7	3.1	16	4.3
R224H	42.1	7.1	7.7	1.1
A226T	36.8	4	4.7	0.9
N228S	0	0	0	0
N228K	0	0	0	0
D234N	88.9	9.8	84.4	12.5
E239K	0	0	0	0
T257M	0	0	0	0
G259S	0	0	0	0
T262M	66.6	7.7	9.7	6.2
R266G	0	0	0	0
R266K	110.6	22	104.8	24.9
C275Y	0	0	0	0
I278T	29.7	3.2	8.3	0.5
A288P	0	0	0	0
A288T	0	0	0	0
#P290L	0	NA	NA	0
E302K	0	0	0	0
G307S	0	0	0	0
V320A	98.3	6	79.2	13.8
A331E	0	0	0	0
A331V	39.6	4.5	4.6	1.1
R336H	0	0	0	0
G347S	0	0	0	0
S349N	0	0	0	0
S352N	55.4	5.2	6.4	1.7
T353M	95	14.3	14.8	4.2
V354M	100.2	14.7	88.8	11.6
A355P	0	0	0	0
A361T	0	0	0	0
R369P	0	0	0	0
R369H	99.4	10	101.9	12.9
R369C	97.5	14.5	93.9	21.7
C370Y	0	0	0	0
V371M	96.9	12.3	98.7	13.1
D376N	0	0	0	0
#R379W	0	NA	NA	0
K384E	0	0	0	0
#K384N	0	NA	NA	0
M391I	0	0	0	0
P422L	94.7	0.4	98.8	0.7
T434N	99.1	15.4	83.3	23.4
I435T	109.3136787999	13.1	125.580100627	26.3
R439Q	101.1	7.8	114.2	14.7
D444N	102.9	2.8	122.6	1.4
L456P	87.8	16.2	84.6	20.1
S466L	109.2	8.1	111.5	14.8
Q526K	84.9	1.2	73	0.8
