"","uniqueness","low_ci","high_ci","sd","cond","sid","sidc","ord"
"SID#16",0.0497086886650668,0.00544237231614621,0.105779104436544,0.0319840290221867,"high",16,"SID#16",8
"SID#19",0.00431091130116315,-0.00739970979661248,0.0333558836285471,0.0162625325875601,"high",19,"SID#19",2
"SID#26",0.037168805007085,-0.00382155572760734,0.0966929543740479,0.0325514895369726,"high",26,"SID#26",6
"SID#28",0.0348102717098558,-0.00321018679452912,0.0909633861173152,0.0292257528393454,"high",28,"SID#28",5
"SID#29",0.0091221579058398,-0.007045266520248,0.0521107512655623,0.0218666912846071,"high",29,"SID#29",4
"SID#41",0.00474061083597265,-0.0076880584729267,0.0385888639036295,0.0162813979511758,"high",41,"SID#41",3
"SID#34",0.00313339421978164,-0.00767122084956676,0.0300044862609276,0.0133486411800895,"high",34,"SID#34",1
"SID#36",0.0447564012612168,-0.00530916618827108,0.115486036596347,0.0386386468107238,"high",36,"SID#36",7
